age,period,,,,,,,,,,,,,,,,,,,,,,,,,,,,,,,,,,,,,,,,,,,,,,,,,,,,,
,2007,2008,2009,2010,2011,2012,2013,2014,2015,2016,2017,2018,2019,2020,2021,2022,2023,2024,2025,2026,2027,2028,2029,2030,2031,2032,2033,2034,2035,2036,2037,2038,2039,2040,2041,2042,2043,2044,2045,2046,2047,2048,2049,2050,2051,2052,2053,2054,2055,2056,2057,2058,2059,2060
0,0.003620552,0.0035473129,0.0034134659,0.0033664006,0.0033063419,0.0032489719,0.0031897967,0.003134331,0.0030774116,0.0030265091,0.0029695995,0.0029155182,0.0028621419,0.0028095291,0.002757509,0.0027082868,0.0026613795,0.0026137437,0.0025675053,0.0025221773,0.0024776174,0.0024340554,0.0023918828,0.0023487918,0.0023075601,0.002265842,0.0022263992,0.0021843578,0.0021448779,0.0021056876,0.0020670488,0.0020292308,0.0019923466,0.0019564891,0.0019191686,0.0018827254,0.0018494867,0.0018143963,0.0017822424,0.0017504965,0.0017166223,0.0016854209,0.0016567768,0.0016257003,0.0015970078,0.001568166,0.0015390715,0.0015121253,0.0014848486,0.0014596923,0.0014317414,0.0014084022,0.0013823244,0.0013584658
1,0.0007834917,0.0007570003,0.0007333232,0.0006992731,0.000682485,0.0006624702,0.0006444446,0.0006260245,0.0006073114,0.0005908091,0.0005739875,0.0005590238,0.0005415816,0.0005267957,0.0005121405,0.0004975832,0.0004830586,0.0004684771,0.0004562997,0.0004439149,0.0004312424,0.000418267,0.0004075872,0.0003941824,0.0003831884,0.0003721039,0.0003634886,0.0003523298,0.0003411865,0.000332584,0.0003240416,0.0003131158,0.0003048221,0.0002966816,0.0002862388,0.0002784239,0.0002707426,0.0002631728,0.0002556929,0.0002482823,0.0002409289,0.0002336196,0.0002263384,0.0002215286,0.0002142588,0.0002094396,0.0002021352,0.0001972615,0.0001923466,0.0001849245,0.0001799266,0.0001748893,0.0001698173,0.0001647155
2,0.0002783247,0.0002749412,0.000264131,0.000255231,0.0002420979,0.000234083,0.0002274352,0.0002181036,0.0002111343,0.0002040626,0.0001994063,0.0001921176,0.0001871305,0.0001796304,0.0001747017,0.0001672813,0.000162425,0.0001575792,0.0001527145,0.0001478023,0.0001428211,0.0001377463,0.0001325753,0.0001298728,0.0001245681,0.0001217647,0.0001163985,0.0001135489,0.0001106918,0.0001053276,0.000102488,9.97E-005,9.69E-005,9.17E-005,8.90E-005,8.63E-005,8.37E-005,8.12E-005,7.87E-005,7.62E-005,7.37E-005,7.13E-005,0.000068829,6.64E-005,6.40E-005,6.15E-005,5.91E-005,5.91E-005,5.67E-005,5.42E-005,5.18E-005,5.17E-005,0.000049244,4.67E-005
3,0.0001618829,0.0001557208,0.0001526911,0.0001444468,0.0001398238,0.0001306503,0.0001267276,0.0001221985,0.0001175682,0.0001128589,0.0001080902,0.0001032597,0.0001008896,9.59E-005,9.34E-005,8.84E-005,8.60E-005,8.36E-005,7.86E-005,7.62E-005,7.37E-005,7.12E-005,6.87E-005,6.61E-005,6.35E-005,6.09E-005,5.82E-005,5.55E-005,5.29E-005,5.27E-005,5.00E-005,4.74E-005,4.47E-005,4.46E-005,4.45E-005,0.000044386,4.43E-005,4.42E-005,4.42E-005,4.42E-005,4.41E-005,4.41E-005,4.41E-005,4.41E-005,4.42E-005,4.42E-005,4.42E-005,4.42E-005,4.43E-005,4.43E-005,4.43E-005,4.43E-005,4.42E-005,4.42E-005
4,0.0001261557,0.0001249587,0.000119035,0.0001161173,0.0001111821,0.00010706,9.83E-005,9.66E-005,9.20E-005,8.73E-005,8.50E-005,8.02E-005,7.78E-005,0.000075448,7.30E-005,6.80E-005,6.55E-005,6.30E-005,6.06E-005,5.82E-005,5.57E-005,5.32E-005,5.07E-005,4.82E-005,4.82E-005,4.56E-005,4.30E-005,4.29E-005,4.03E-005,3.77E-005,3.75E-005,3.49E-005,3.48E-005,3.22E-005,0.000032128,3.20E-005,3.20E-005,3.19E-005,0.000031856,0.000031822,3.18E-005,0.000031787,3.18E-005,3.18E-005,3.18E-005,3.18E-005,3.18E-005,0.00003184,0.000031856,3.19E-005,3.19E-005,3.19E-005,3.19E-005,3.19E-005
5,0.0001164471,0.0001129421,0.0001090057,0.0001031949,0.0001029029,0.000095736,9.19E-005,8.58E-005,8.40E-005,7.93E-005,7.71E-005,7.48E-005,7.00E-005,6.76E-005,6.52E-005,6.27E-005,6.02E-005,5.78E-005,5.53E-005,5.29E-005,5.04E-005,4.80E-005,4.55E-005,4.55E-005,4.30E-005,0.000040456,0.000037883,3.78E-005,3.52E-005,3.51E-005,3.25E-005,3.24E-005,2.98E-005,2.98E-005,0.000029658,2.96E-005,2.95E-005,2.94E-005,0.000029362,2.93E-005,2.93E-005,2.93E-005,2.93E-005,2.93E-005,0.000029254,2.93E-005,2.93E-005,2.93E-005,2.93E-005,0.000029319,2.93E-005,2.93E-005,2.93E-005,2.93E-005
6,0.0001037047,0.0001009729,9.47E-005,9.32E-005,8.75E-005,0.000087215,8.29E-005,7.92E-005,7.33E-005,6.90E-005,0.000066758,6.45E-005,6.22E-005,5.98E-005,5.49E-005,5.25E-005,5.00E-005,5.00E-005,4.76E-005,4.51E-005,4.27E-005,4.02E-005,3.78E-005,3.78E-005,0.000035309,3.53E-005,3.28E-005,3.02E-005,0.000030168,2.76E-005,2.75E-005,2.50E-005,2.49E-005,2.48E-005,2.47E-005,2.46E-005,2.46E-005,0.000024504,2.44E-005,2.44E-005,0.000024364,2.43E-005,2.43E-005,2.43E-005,2.43E-005,2.43E-005,2.43E-005,2.43E-005,2.43E-005,2.44E-005,0.000024364,2.44E-005,2.44E-005,2.44E-005
7,0.0001054006,0.00009355,9.06E-005,8.68E-005,8.51E-005,0.000079497,7.93E-005,7.51E-005,7.16E-005,6.58E-005,6.39E-005,6.16E-005,5.93E-005,5.70E-005,5.22E-005,5.23E-005,4.99E-005,4.74E-005,0.000044904,4.24E-005,4.00E-005,4.00E-005,3.76E-005,3.51E-005,0.000035172,3.27E-005,3.02E-005,3.02E-005,2.76E-005,2.76E-005,2.50E-005,2.49E-005,2.49E-005,2.23E-005,2.23E-005,2.22E-005,2.21E-005,2.20E-005,0.000021987,2.19E-005,2.19E-005,2.19E-005,2.18E-005,2.18E-005,2.18E-005,2.18E-005,2.18E-005,2.18E-005,2.18E-005,2.18E-005,2.19E-005,2.19E-005,2.19E-005,2.19E-005
8,0.000093188,9.22E-005,8.10E-005,7.78E-005,7.63E-005,7.46E-005,6.90E-005,6.88E-005,6.49E-005,6.15E-005,5.83E-005,5.63E-005,5.41E-005,5.18E-005,4.94E-005,4.71E-005,4.47E-005,0.000042241,3.98E-005,3.98E-005,3.73E-005,3.49E-005,3.49E-005,3.25E-005,3.00E-005,3.01E-005,0.000027568,2.76E-005,0.000025053,2.50E-005,2.25E-005,2.24E-005,2.24E-005,1.98E-005,1.98E-005,1.97E-005,1.97E-005,1.96E-005,1.95E-005,1.95E-005,1.94E-005,1.94E-005,1.94E-005,1.94E-005,1.93E-005,1.93E-005,1.93E-005,1.93E-005,0.000019335,1.93E-005,1.94E-005,1.94E-005,1.94E-005,1.94E-005
9,9.17E-005,8.77E-005,8.68E-005,7.83E-005,7.50E-005,7.10E-005,6.92E-005,6.62E-005,6.60E-005,6.22E-005,5.89E-005,5.57E-005,5.37E-005,5.14E-005,4.91E-005,4.68E-005,4.44E-005,4.20E-005,3.96E-005,0.000039635,3.72E-005,3.47E-005,3.48E-005,3.23E-005,3.24E-005,2.99E-005,2.75E-005,2.75E-005,2.50E-005,0.000024967,0.000024938,2.24E-005,2.24E-005,1.98E-005,1.98E-005,1.97E-005,2.21E-005,2.20E-005,2.20E-005,2.19E-005,2.18E-005,2.18E-005,2.18E-005,2.17E-005,2.17E-005,2.17E-005,0.000021675,0.000021672,2.17E-005,2.17E-005,2.17E-005,2.17E-005,2.17E-005,2.17E-005
10,8.55E-005,8.35E-005,7.97E-005,7.89E-005,7.07E-005,6.73E-005,6.57E-005,6.38E-005,6.09E-005,6.07E-005,5.70E-005,5.38E-005,5.07E-005,4.86E-005,4.88E-005,4.65E-005,4.42E-005,4.18E-005,4.19E-005,3.95E-005,3.70E-005,3.70E-005,0.000034599,0.00003216,3.22E-005,2.98E-005,2.98E-005,2.74E-005,2.74E-005,2.49E-005,2.49E-005,2.48E-005,2.23E-005,2.23E-005,2.22E-005,2.22E-005,2.21E-005,2.20E-005,2.20E-005,2.19E-005,2.18E-005,2.18E-005,2.17E-005,2.17E-005,2.16E-005,2.16E-005,0.000021609,2.16E-005,2.16E-005,2.16E-005,2.16E-005,2.16E-005,2.16E-005,2.16E-005
11,0.0001046898,9.80E-005,9.62E-005,9.22E-005,9.13E-005,8.26E-005,7.94E-005,7.80E-005,7.63E-005,7.33E-005,7.06E-005,6.67E-005,6.57E-005,6.01E-005,5.82E-005,5.59E-005,5.37E-005,5.13E-005,5.15E-005,4.91E-005,4.67E-005,4.43E-005,4.43E-005,4.19E-005,3.94E-005,3.95E-005,3.71E-005,3.46E-005,0.000034685,3.22E-005,3.22E-005,2.97E-005,2.97E-005,2.72E-005,0.00002713,2.71E-005,2.70E-005,2.94E-005,2.93E-005,2.92E-005,2.91E-005,2.90E-005,2.89E-005,2.89E-005,2.88E-005,2.88E-005,2.87E-005,2.87E-005,2.87E-005,2.87E-005,2.87E-005,0.000028703,2.87E-005,2.87E-005
12,0.0001181141,0.0001121021,0.0001079475,0.0001061447,0.0001020249,0.0001010104,9.20E-005,8.90E-005,8.77E-005,8.61E-005,8.06E-005,0.000080382,7.63E-005,7.52E-005,6.95E-005,6.76E-005,6.54E-005,6.32E-005,6.09E-005,0.000058595,5.87E-005,0.000056336,5.39E-005,5.15E-005,4.91E-005,4.91E-005,4.67E-005,4.43E-005,4.44E-005,4.20E-005,3.95E-005,3.95E-005,3.70E-005,0.000036995,3.69E-005,3.69E-005,3.68E-005,3.67E-005,3.66E-005,3.64E-005,3.63E-005,3.62E-005,3.61E-005,3.60E-005,3.59E-005,3.59E-005,3.58E-005,3.58E-005,3.58E-005,3.57E-005,3.57E-005,3.57E-005,3.57E-005,3.58E-005
13,0.0001500516,0.0001497242,0.0001428278,0.000135696,0.0001341008,0.0001295847,0.0001283006,0.0001181546,0.0001157986,0.000112375,0.0001110609,0.0001053944,0.0001051019,0.0001005326,9.67E-005,9.31E-005,9.14E-005,8.69E-005,8.47E-005,8.25E-005,8.03E-005,7.80E-005,7.56E-005,7.32E-005,7.08E-005,6.84E-005,6.60E-005,6.37E-005,6.13E-005,6.14E-005,5.90E-005,5.66E-005,5.41E-005,5.41E-005,5.41E-005,5.40E-005,5.39E-005,5.37E-005,5.36E-005,0.000053421,5.33E-005,0.000053092,5.29E-005,5.28E-005,5.26E-005,5.25E-005,5.24E-005,5.47E-005,5.47E-005,5.46E-005,5.46E-005,0.000054595,5.46E-005,5.46E-005
14,0.0001793373,0.0001841989,0.0001837976,0.0001785391,0.0001683798,0.0001695952,0.0001645736,0.000165455,0.0001514037,0.0001497763,0.0001468228,0.0001458822,0.0001400329,0.0001396453,0.0001368417,0.0001324873,0.0001260995,0.0001246724,0.0001202918,0.000118229,0.0001161038,0.0001139325,0.0001092822,0.0001070029,0.0001046045,0.0001022164,9.99E-005,9.75E-005,9.52E-005,0.00009288,0.000090558,8.82E-005,8.58E-005,8.58E-005,8.33E-005,0.000080799,7.82E-005,7.81E-005,0.000075437,7.28E-005,7.26E-005,7.00E-005,6.73E-005,0.000067131,0.000064544,6.44E-005,6.18E-005,5.94E-005,5.93E-005,5.68E-005,5.68E-005,6.15E-005,6.15E-005,5.91E-005
15,0.0002361269,0.0002246835,0.0002287617,0.0002282638,0.0002217564,0.0002110268,0.0002099824,0.000204387,0.0002048725,0.0001892429,0.0001859896,0.000181052,0.0001804796,0.0001744487,0.0001739671,0.00016805,0.0001632677,0.0001565227,0.0001529432,0.0001510715,0.0001466991,0.0001422403,0.0001401322,0.000135544,0.0001333084,0.0001309262,0.0001261312,0.0001237915,0.0001214831,0.0001191997,0.0001144915,0.0001122061,0.0001098915,0.000107529,0.0001051026,0.0001026042,0.0001000466,9.74E-005,9.48E-005,9.22E-005,0.00009191,0.000089233,0.000086558,8.39E-005,8.12E-005,8.10E-005,7.84E-005,7.59E-005,7.57E-005,7.33E-005,7.08E-005,6.84E-005,6.84E-005,6.60E-005
16,0.0003039894,0.0002979753,0.000285033,0.0002889568,0.000290973,0.0002801358,0.0002686265,0.0002679959,0.000261572,0.0002639843,0.0002435873,0.0002390728,0.0002348608,0.0002348614,0.0002285345,0.000227905,0.0002209301,0.0002154156,0.0002056893,0.0002024952,0.000198408,0.000194185,0.0001898564,0.0001854483,0.0001809553,0.0001787889,0.0001740114,0.0001716672,0.0001669461,0.0001622649,0.000160038,0.0001554005,0.0001531766,0.0001484814,0.0001461543,0.0001437419,0.0001412309,0.0001362047,0.0001335525,0.0001308542,0.0001281218,0.0001253649,0.0001226,0.0001198325,0.0001170722,0.0001143309,0.000111623,0.0001089603,0.0001087121,0.0001061519,0.0001036455,0.0001011858,9.88E-005,9.64E-005
17,0.0003992667,0.0003839006,0.0003796014,0.0003604052,0.0003700845,0.0003719168,0.000358817,0.0003437164,0.0003436199,0.0003336042,0.0003377867,0.0003096565,0.0003065679,0.0003008008,0.0002990066,0.0002923252,0.0002915207,0.0002832978,0.000276919,0.0002641092,0.0002613659,0.0002551045,0.0002486634,0.0002444783,0.0002401981,0.0002334076,0.0002289079,0.000224158,0.0002194289,0.0002147523,0.0002101292,0.0002055474,0.0002009836,0.0001964008,0.0001941936,0.0001894763,0.0001846475,0.0001821211,0.0001770616,0.0001743489,0.0001715738,0.0001663396,0.0001634871,0.0001606198,0.0001553548,0.0001524917,0.000149649,0.0001468457,0.0001440973,0.0001414127,0.0001364459,0.0001339031,0.0001314187,0.0001289841
18,0.0004989611,0.0004889535,0.0004715425,0.0004616183,0.0004412302,0.0004489587,0.0004506131,0.0004352992,0.0004166235,0.0004170407,0.0004059652,0.0004094333,0.0003760186,0.0003694872,0.0003620975,0.0003609497,0.0003514399,0.0003480029,0.0003386649,0.000331512,0.0003180474,0.0003109659,0.0003048773,0.000298583,0.0002897322,0.0002855511,0.0002788462,0.0002720047,0.0002672709,0.0002601538,0.000253098,0.0002485149,0.0002415675,0.0002370557,0.0002325243,0.000227934,0.000220818,0.0002159984,0.000213457,0.0002083661,0.0002031852,0.0001979395,0.0001950548,0.0001897255,0.0001867856,0.0001814466,0.0001785056,0.0001732128,0.0001703436,0.0001651761,0.0001624462,0.0001574455,0.000154875,0.0001500273
19,0.0006022965,0.0005774551,0.0005656977,0.0005436752,0.0005352529,0.00051092,0.0005188988,0.0005203986,0.0005030698,0.0004808727,0.0004791921,0.0004671841,0.0004700557,0.0004317007,0.0004263405,0.000417219,0.000414152,0.00040431,0.0004007163,0.0003903068,0.0003800191,0.0003635711,0.0003568166,0.0003484811,0.0003422961,0.0003335301,0.0003270261,0.0003179696,0.000311165,0.0003040181,0.0002968992,0.0002898516,0.0002852922,0.0002783729,0.0002714757,0.0002645515,0.0002599864,0.0002528771,0.0002480509,0.0002430553,0.0002379189,0.0002326776,0.0002273596,0.0002219842,0.0002165705,0.0002111471,0.0002057229,0.0002027004,0.0001973221,0.0001920059,0.0001891351,0.0001839857,0.0001789347,0.0001763283
20,0.0006661234,0.0006591344,0.0006312166,0.0006198853,0.0005955223,0.0005831256,0.0005568853,0.0005668029,0.0005681969,0.0005468413,0.0005239197,0.0005225303,0.0005073029,0.0005122874,0.0004696253,0.0004625992,0.0004514326,0.000448707,0.000438614,0.0004349036,0.0004213264,0.0004105504,0.0003936522,0.0003870921,0.0003764212,0.0003678795,0.0003591331,0.000352651,0.0003435969,0.0003367933,0.0003271958,0.0003200512,0.0003129852,0.0003059968,0.0002990692,0.000292167,0.0002852371,0.000278232,0.000271102,0.000266255,0.0002587846,0.0002536053,0.0002483135,0.0002429384,0.0002375003,0.0002320191,0.0002265262,0.0002210311,0.0002155518,0.0002101096,0.0002047322,0.0001994401,0.000196613,0.0001915161
21,0.0007323776,0.0006943712,0.0006874495,0.0006566661,0.0006454935,0.000618622,0.0006066335,0.0005780451,0.0005888856,0.0005902305,0.0005681229,0.000542212,0.000540936,0.00052535,0.0005301787,0.0004865559,0.0004773857,0.0004663493,0.0004637599,0.0004510148,0.0004472451,0.0004357949,0.0004247545,0.0004052086,0.0003962964,0.000388007,0.0003794507,0.0003706826,0.0003617602,0.0003526719,0.0003434074,0.0003361951,0.0003290147,0.0003194764,0.0003124558,0.000305498,0.0002985659,0.0002891562,0.0002845704,0.0002774061,0.0002700785,0.0002650196,0.0002573536,0.0002520272,0.0002466157,0.0002411393,0.0002331903,0.0002276652,0.000222138,0.0002166268,0.0002135527,0.0002081375,0.0002028093,0.0001975795
22,0.0007834795,0.000763162,0.0007242289,0.0007149183,0.0006862005,0.0006727694,0.0006458985,0.0006344308,0.0006035875,0.0006155236,0.0006168039,0.0005912413,0.0005648963,0.0005637678,0.0005477805,0.0005523998,0.0005052801,0.0004989391,0.0004881419,0.0004832385,0.0004703255,0.0004664822,0.0004546002,0.0004408263,0.0004234014,0.0004145907,0.0004039114,0.0003953653,0.0003866008,0.0003776757,0.0003685795,0.0003592999,0.0003496187,0.0003424147,0.0003328487,0.0003258127,0.0003188439,0.0003094462,0.0003024744,0.0002954232,0.0002882391,0.000280885,0.0002758003,0.0002680932,0.0002627282,0.0002572741,0.0002493065,0.0002437437,0.0002381676,0.000232588,0.0002270241,0.0002214983,0.0002160403,0.000210672
23,0.0007964209,0.0007746034,0.0007570119,0.0007156942,0.0007087945,0.000680075,0.0006665461,0.0006395883,0.0006279443,0.0005969208,0.0006085739,0.0006098642,0.0005870673,0.0005607328,0.0005595623,0.0005436073,0.0005482705,0.0005012519,0.0004923281,0.0004814142,0.0004789563,0.0004660443,0.0004622024,0.0004479261,0.0004366505,0.000419249,0.0004103871,0.0003996735,0.0003910976,0.0003823058,0.0003733538,0.0003642328,0.0003549311,0.0003476796,0.0003380116,0.0003308775,0.000321373,0.0003143866,0.0003074267,0.0003004401,0.0002933737,0.000286176,0.00027881,0.0002737172,0.000266,0.0002606299,0.0002527173,0.0002471964,0.0002416308,0.0002360522,0.0002304706,0.000224905,0.0002193775,0.0002139176
24,0.0007442391,0.0007910251,0.0007693587,0.0007519044,0.0007107198,0.0007037838,0.0006751067,0.0006615182,0.0006345288,0.0006227584,0.0005916395,0.0006030421,0.0006070227,0.0005817078,0.0005554513,0.0005542333,0.0005383587,0.0005430692,0.0004987048,0.0004897172,0.0004787615,0.0004762677,0.0004633722,0.0004595346,0.0004453159,0.0004340794,0.0004167136,0.0004078294,0.0003971069,0.0003885221,0.0003797237,0.0003707661,0.0003616407,0.0003523358,0.0003450833,0.000335416,0.0003282801,0.0003212272,0.0003117865,0.0003048233,0.0002978344,0.0002907664,0.0002835683,0.0002762036,0.0002711129,0.0002634015,0.0002580366,0.0002525847,0.0002470658,0.0002390629,0.0002334931,0.0002279213,0.0002223656,0.0002168481
25,0.0008139013,0.0007505692,0.0007975949,0.0007783838,0.000758198,0.000719389,0.0007100112,0.0006813174,0.0006677928,0.0006408664,0.000629234,0.0005982619,0.0006098954,0.0006111634,0.0005883838,0.0005620789,0.0005609003,0.000544955,0.0005495863,0.0005026218,0.0004937248,0.0004828344,0.0004803803,0.0004674812,0.0004636347,0.0004493609,0.0004380859,0.000418311,0.0004118586,0.0004011658,0.0003926054,0.0003838296,0.0003724603,0.0003657912,0.0003565071,0.0003468253,0.0003396183,0.0003300516,0.0003230124,0.0003160409,0.0003066416,0.0002996674,0.0002926141,0.0002854303,0.0002805401,0.0002729962,0.0002677541,0.000259939,0.0002544934,0.0002489803,0.0002434215,0.0002378496,0.0002298556,0.0002243045
26,0.0008234544,0.0008039151,0.0007407631,0.000787008,0.0007681485,0.0007482899,0.0007098487,0.0007004442,0.0006719199,0.000658336,0.0006314398,0.0006196241,0.0005911517,0.0006024225,0.0006036954,0.0005786136,0.0005525314,0.0005512793,0.0005355262,0.0005402322,0.0004962169,0.0004871987,0.0004762487,0.0004737247,0.0004609034,0.0004570841,0.000442989,0.0004318393,0.0004122031,0.0004033187,0.000395036,0.0003864828,0.0003752954,0.0003663688,0.0003597079,0.0003504434,0.0003407901,0.000333602,0.000326498,0.0003170376,0.0003100805,0.0003031481,0.0002961904,0.0002891554,0.000281992,0.000274664,0.0002671484,0.0002619294,0.0002565939,0.0002487338,0.0002432528,0.0002377279,0.0002321908,0.0002266518
27,0.0008779655,0.0008048793,0.0007853966,0.0007250163,0.0007700735,0.0007491871,0.0007324151,0.0006945379,0.0006875536,0.0006568336,0.0006456127,0.0006187692,0.0006067213,0.0005781574,0.0005888105,0.0005901007,0.0005681099,0.0005422952,0.0005409674,0.000525437,0.0005302174,0.0004868152,0.0004776251,0.0004690723,0.0004639685,0.0004512613,0.0004499689,0.0004360802,0.0004250772,0.0004056102,0.0003991014,0.0003884398,0.0003799036,0.0003711586,0.0003622602,0.0003532013,0.0003463904,0.0003367778,0.0003296195,0.0003225431,0.0003131212,0.0003061901,0.0002992825,0.0002923506,0.0002853429,0.0002782089,0.0002709141,0.0002658738,0.0002582431,0.000252938,0.0002475488,0.000242095,0.0002365984,0.0002310898
28,0.0008466026,0.0008592428,0.0007877362,0.0007683414,0.0007083103,0.0007520675,0.0007317966,0.0007155698,0.000678332,0.0006688686,0.0006409125,0.0006296,0.0006028377,0.0005930115,0.00056439,0.0005743856,0.0005756931,0.0005542512,0.0005287873,0.0005273657,0.0005121279,0.0005145209,0.0004720208,0.0004649963,0.0004538548,0.0004511083,0.0004385519,0.0004348288,0.0004213248,0.0004105943,0.000393776,0.0003848374,0.0003765715,0.0003680504,0.0003593271,0.0003504552,0.0003414282,0.0003346406,0.0003250811,0.0003179604,0.0003109183,0.0003015412,0.0002946376,0.0002877559,0.0002808506,0.0002738723,0.0002667734,0.0002619465,0.0002545177,0.0002493675,0.0002441094,0.0002387705,0.0002309652,0.0002255322
29,0.0008633537,0.0008722491,0.0008842174,0.0008092871,0.0007900279,0.0007303989,0.0007724386,0.0007543145,0.0007351576,0.0006952844,0.0006883664,0.0006604195,0.0006469246,0.0006204138,0.0006085248,0.0005778261,0.0005882693,0.0005895269,0.0005678606,0.0005423947,0.0005410681,0.0005257427,0.0005279805,0.0004852404,0.0004761168,0.0004651937,0.0004625782,0.0004500439,0.0004463114,0.0004326777,0.0004218629,0.0004026839,0.0003938707,0.0003856893,0.0003748775,0.0003662298,0.0003574331,0.0003484803,0.000341748,0.0003322569,0.0003251885,0.0003158069,0.0003088955,0.0003020482,0.0002952246,0.0002859745,0.0002790514,0.0002744138,0.0002672143,0.0002598359,0.0002547165,0.0002470877,0.0002417812,0.0002364134
30,0.0009357616,0.0008744229,0.0008833264,0.0008949477,0.000822451,0.0008033368,0.0007417126,0.0007865805,0.0007657141,0.0007464244,0.0007089837,0.0007021611,0.0006719181,0.0006586158,0.0006323523,0.000620789,0.0005905241,0.0006013652,0.0006025739,0.0005807289,0.0005552955,0.0005540583,0.0005386706,0.000543207,0.0004978477,0.0004890491,0.0004783736,0.0004759066,0.0004633954,0.0004596516,0.0004458655,0.0004349513,0.0004157637,0.0004071109,0.0003990329,0.0003883404,0.0003797886,0.0003710865,0.0003622253,0.000353191,0.0003461471,0.0003367666,0.000329838,0.0003206179,0.0003138366,0.0003070814,0.0002979198,0.0002910632,0.0002840821,0.0002793283,0.0002720024,0.0002645257,0.0002593207,0.0002540313
31,0.0009213872,0.0009520753,0.0008907348,0.0008997005,0.0009134447,0.0008380173,0.0008190426,0.0007578683,0.0008032314,0.0007820953,0.0007625479,0.0007249994,0.0007158914,0.0006881092,0.0006750358,0.0006490287,0.0006354343,0.0006056259,0.0006169557,0.0006181106,0.0005960162,0.0005705761,0.0005694407,0.0005539542,0.0005558752,0.0005126914,0.0005042564,0.000493851,0.0004891189,0.0004766283,0.0004728714,0.0004589359,0.0004479231,0.0004287245,0.0004202266,0.0004099191,0.0004016693,0.0003932106,0.0003822531,0.0003734761,0.000366875,0.0003575335,0.0003482279,0.0003413572,0.0003322165,0.0003254993,0.0003164475,0.0003097322,0.0003029399,0.0002960198,0.0002889345,0.0002816595,0.0002765931,0.0002690475
32,0.0009351598,0.0009434135,0.0009743641,0.0009153733,0.0009244928,0.0009375961,0.0008637141,0.0008448658,0.0007816647,0.0008305288,0.0008113137,0.0007911775,0.0007531898,0.0007466083,0.0007163795,0.0007036231,0.0006778951,0.000664963,0.0006358062,0.0006482243,0.0006492909,0.0006265025,0.0006008274,0.0005998919,0.0005840809,0.0005881049,0.0005416253,0.0005338297,0.0005238633,0.0005194579,0.0005068777,0.0005054534,0.0004909849,0.0004796052,0.0004601575,0.0004519378,0.0004417962,0.0004313634,0.0004230246,0.0004121973,0.0004035249,0.0003970024,0.0003877282,0.0003784941,0.000369347,0.0003626299,0.0003536482,0.0003470358,0.0003380536,0.0003313351,0.0003244791,0.0003174439,0.0003102014,0.0003027878
33,0.001013878,0.0009939918,0.001002811,0.0010376232,0.0009770232,0.0009866683,0.0010034382,0.0009261836,0.0009074541,0.0008397494,0.0008915026,0.0008732849,0.0008541394,0.0008125003,0.0008061665,0.0007755596,0.0007633642,0.000735635,0.000723919,0.0006933674,0.0007054036,0.0007088649,0.0006845896,0.0006582765,0.0006577139,0.0006411761,0.0006470227,0.0005961808,0.0005895271,0.0005779302,0.000574079,0.000561257,0.0005596824,0.0005442539,0.0005322078,0.0005122426,0.0005021416,0.0004922086,0.0004819599,0.0004714648,0.0004631023,0.0004545549,0.0004434827,0.0004342656,0.000425094,0.0004160207,0.0004093766,0.0004004927,0.0003916394,0.0003827581,0.0003761199,0.0003669896,0.0003599956,0.0003527675
34,0.0011024163,0.0010494176,0.001031577,0.0010423618,0.0010805657,0.0010163488,0.0010288999,0.0010472213,0.0009677997,0.0009491499,0.0008816825,0.0009354655,0.000916194,0.0008984747,0.0008582888,0.0008521367,0.0008212377,0.0008071177,0.0007796601,0.0007688537,0.0007366626,0.0007528422,0.0007561695,0.0007307226,0.0007039023,0.0007036283,0.000686517,0.000694287,0.0006418117,0.0006337565,0.000622752,0.0006217418,0.0006063229,0.0006046236,0.0005907279,0.0005780997,0.0005554082,0.0005479314,0.0005358873,0.0005257889,0.0005177305,0.0005071812,0.0004964269,0.0004877586,0.0004785851,0.0004694619,0.0004604478,0.0004515488,0.0004427446,0.0004339764,0.0004251799,0.0004162829,0.0004095404,0.0004025774
35,0.00121994,0.0011626309,0.001106624,0.0010895854,0.0011008758,0.0011429356,0.0010770183,0.0010900872,0.0011120912,0.0010268457,0.0010106451,0.0009385623,0.0009977482,0.0009793888,0.0009601811,0.000916321,0.0009127269,0.0008790526,0.0008677855,0.000838284,0.0008262602,0.0007925934,0.000810862,0.0008165528,0.000789564,0.0007596229,0.0007621339,0.0007442566,0.0007538268,0.0006969119,0.0006876441,0.0006773341,0.0006768528,0.0006611672,0.0006593142,0.000644421,0.0006311038,0.0006078588,0.0005984917,0.0005889174,0.0005789818,0.0005687643,0.0005583396,0.0005476943,0.0005391096,0.0005276644,0.0005185802,0.0005096158,0.0004984734,0.0004897431,0.000481055,0.0004723381,0.0004635123,0.000454497
36,0.001347824,0.0013037869,0.001246176,0.0011877005,0.0011703549,0.0011859741,0.0012325358,0.0011640285,0.001180455,0.0012055181,0.0011175283,0.001099003,0.001024617,0.0010908216,0.0010701197,0.0010535122,0.0010075297,0.0010019268,0.0009698333,0.0009569981,0.0009278872,0.0009152498,0.0008805529,0.0009021518,0.0009076076,0.0008806801,0.0008495869,0.0008526578,0.0008359522,0.0008469972,0.0007843048,0.0007767912,0.0007652425,0.0007656094,0.0007494515,0.0007497065,0.0007331294,0.0007209213,0.0006944163,0.0006856686,0.0006763743,0.0006643927,0.0006543739,0.0006441261,0.0006336306,0.0006228596,0.0006114465,0.0006023999,0.0005911919,0.0005824367,0.0005715023,0.0005629241,0.0005543148,0.0005455827
37,0.001436514,0.0014292301,0.0013835535,0.0013211316,0.001259939,0.0012417521,0.0012611571,0.0013093548,0.0012360782,0.001255706,0.0012841593,0.0011894954,0.0011710075,0.0010919181,0.0011641094,0.0011440141,0.0011256411,0.001075701,0.0010726686,0.0010376752,0.0010254044,0.0009942427,0.0009829041,0.0009444128,0.0009683975,0.0009761851,0.0009474715,0.0009131298,0.0009190107,0.0008990161,0.000911808,0.0008444389,0.0008381159,0.0008273282,0.0008259108,0.0008117937,0.000811864,0.0007941382,0.0007788499,0.0007517088,0.0007433647,0.0007319796,0.0007201508,0.0007102597,0.0006978367,0.0006874348,0.0006767374,0.0006653452,0.0006563216,0.0006451539,0.0006341533,0.0006232851,0.0006147753,0.0006039288
38,0.0015376814,0.0015144571,0.0015086986,0.0014614113,0.0013986642,0.0013347909,0.0013158855,0.0013366412,0.0013891114,0.0013135085,0.001336383,0.0013656014,0.0012664712,0.0012480099,0.001164194,0.0012426398,0.0012205729,0.0012027487,0.0011510498,0.0011482714,0.0011126372,0.001098653,0.0010654504,0.0010554907,0.00101569,0.0010398248,0.0010499253,0.001021722,0.0009864377,0.0009903387,0.0009717639,0.0009862096,0.0009137859,0.0009065069,0.0008965579,0.0008957962,0.0008789396,0.0008811608,0.0008621504,0.0008482381,0.0008203206,0.0008101894,0.0007990103,0.0007873568,0.0007753317,0.0007630362,0.0007527381,0.0007421218,0.0007307463,0.0007194525,0.0007083241,0.0006973805,0.0006865845,0.0006758527
39,0.0016808617,0.0016708948,0.001646458,0.0016416883,0.0015894022,0.001521585,0.0014538227,0.0014342424,0.0014561825,0.0015165867,0.0014346326,0.0014560302,0.0014902193,0.0013841487,0.0013657186,0.0012747486,0.0013590283,0.0013364558,0.0013158457,0.0012615224,0.0012591205,0.0012179004,0.0012070975,0.0011696371,0.0011569308,0.0011162278,0.0011441447,0.0011539742,0.0011230234,0.0010840174,0.0010909346,0.0010685901,0.0010868255,0.0010083186,0.0010005767,0.0009894258,0.0009895412,0.0009721627,0.0009741075,0.0009533613,0.0009382312,0.0009070417,0.0008975057,0.0008843197,0.0008706049,0.0008587562,0.0008466125,0.0008341542,0.000823629,0.0008099778,0.0007987056,0.0007853265,0.0007744443,0.0007637264
40,0.001765473,0.0017916013,0.001781548,0.0017584176,0.0017548304,0.0017024481,0.001631834,0.0015598148,0.0015412029,0.001566249,0.0016317536,0.0015463341,0.0015713057,0.0016080685,0.001495413,0.0014769963,0.0013811958,0.0014735964,0.0014529931,0.0014319537,0.0013725945,0.0013705643,0.0013306551,0.0013184268,0.001279032,0.0012684225,0.0012221071,0.0012540034,0.0012685561,0.0012345679,0.0011940915,0.001201679,0.0011801872,0.0011997147,0.0011146247,0.0011066403,0.0010944227,0.0010955261,0.0010775456,0.0010815249,0.0010610629,0.0010444884,0.0010098245,0.0010009852,0.0009880975,0.0009746323,0.0009607154,0.0009487493,0.0009364344,0.0009237284,0.0009123712,0.0008988281,0.0008854903,0.0008746783
41,0.0019651388,0.0018902079,0.0019173608,0.0019095534,0.0018852335,0.0018826793,0.0018276256,0.001751876,0.001675786,0.0016562291,0.0016847925,0.0017556106,0.0016638893,0.0016950589,0.0017342392,0.0016144978,0.0015937124,0.0014906556,0.0015913542,0.0015702027,0.0015487157,0.0014866043,0.0014849469,0.00144169,0.0014280099,0.0013889829,0.0013757057,0.0013260966,0.0013644002,0.0013786753,0.0013417589,0.0012998527,0.0013080808,0.001285108,0.0013083596,0.0012168295,0.0012085068,0.0011951547,0.0011995628,0.0011786322,0.0011823076,0.0011622501,0.0011443154,0.0011084833,0.0010980421,0.0010831585,0.0010699099,0.0010561753,0.0010420847,0.001029892,0.0010172754,0.0010036282,0.0009900922,0.0009767837
42,0.0021588333,0.0021548474,0.0020731649,0.0021029505,0.0020950016,0.0020689559,0.002064562,0.0020056873,0.0019222684,0.0018409884,0.0018207753,0.0018503833,0.0019302484,0.0018280977,0.0018607664,0.0019065249,0.001774686,0.0017538988,0.0016411288,0.0017523511,0.0017271115,0.0017042092,0.0016360915,0.0016349231,0.001587983,0.001573121,0.0015298984,0.0015169159,0.001462066,0.0015029784,0.00152191,0.0014811747,0.0014325856,0.0014440346,0.0014191637,0.0014435094,0.0013422179,0.0013363132,0.0013221312,0.001325356,0.001303692,0.0013069932,0.0012845836,0.0012649948,0.0012254929,0.0012135648,0.0011989973,0.0011837331,0.0011702084,0.0011540181,0.0011396805,0.0011271612,0.0011112178,0.0010976848
43,0.0024818202,0.0023927445,0.0023916437,0.0023009158,0.0023369054,0.0023287794,0.0023005509,0.0022984523,0.0022323953,0.0021410239,0.0020510573,0.002030197,0.0020657972,0.0021532459,0.0020417059,0.0020814787,0.0021326793,0.0019856728,0.0019625034,0.0018375414,0.0019642678,0.0019360801,0.0019104992,0.0018374752,0.0018369711,0.0017835443,0.0017678832,0.0017206191,0.0017064887,0.0016470679,0.0016924425,0.0017134097,0.0016699945,0.0016164493,0.0016290154,0.0016015543,0.0016312712,0.0015181611,0.0015110186,0.0014965565,0.0014990409,0.0014763571,0.0014814919,0.0014557851,0.0014361482,0.0013923729,0.0013792854,0.0013628983,0.0013479969,0.0013302204,0.0013142763,0.0012978526,0.0012831861,0.0012672242
44,0.0027850617,0.0026950725,0.002601319,0.002598159,0.0025005568,0.0025419408,0.0025336284,0.002505797,0.0025016373,0.0024312707,0.0023342618,0.0022371727,0.0022142149,0.0022543736,0.0023487962,0.002231214,0.0022727214,0.0023300383,0.0021694606,0.0021462546,0.0020114027,0.002147423,0.0021194614,0.0020918259,0.0020121333,0.0020121805,0.0019547877,0.0019404297,0.00188666,0.001873249,0.0018088656,0.0018603108,0.0018833714,0.0018354043,0.001777187,0.0017931439,0.0017633692,0.0017939385,0.001672218,0.0016633763,0.00164834,0.0016545891,0.0016286223,0.0016356458,0.0016070165,0.0015853231,0.0015375105,0.0015253597,0.0015070803,0.0014902045,0.0014726701,0.0014546468,0.0014383784,0.0014215308
45,0.0030022236,0.0030946055,0.0029927623,0.0028865792,0.0028822816,0.0027732069,0.0028148824,0.0028039549,0.0027712187,0.0027666976,0.0026861578,0.0025763993,0.0024686498,0.0024411363,0.0024829443,0.0025878989,0.002455243,0.0024987932,0.0025589984,0.0023830347,0.0023573887,0.0022053973,0.0023542818,0.0023235053,0.0022909234,0.002201781,0.0022000786,0.0021362571,0.0021185896,0.0020582837,0.0020432793,0.001971497,0.0020265031,0.0020491495,0.00199673,0.0019338722,0.001948334,0.0019139672,0.0019478673,0.0018132945,0.0018024672,0.0017843164,0.0017894267,0.0017626364,0.0017668967,0.0017357705,0.0017100362,0.0016584569,0.0016425309,0.0016245311,0.0016033233,0.0015836758,0.0015635036,0.0015450502
46,0.003445249,0.0033483635,0.003447196,0.0033298226,0.0032106856,0.0032033555,0.0030781016,0.0031208647,0.0031072536,0.0030669084,0.0030593765,0.0029680277,0.0028452853,0.0027227275,0.0026893055,0.0027338007,0.0028471576,0.0026961777,0.0027444884,0.002807197,0.0026123377,0.0025794309,0.0024125596,0.0025749929,0.0025361431,0.002500783,0.0023995649,0.0023961044,0.0023234168,0.0023024438,0.0022355604,0.0022166314,0.0021374268,0.002193563,0.0022182931,0.0021588756,0.002086508,0.0021018562,0.002062898,0.0020977843,0.0019504739,0.0019375472,0.0019162049,0.0019201156,0.0018877821,0.0018940019,0.0018581347,0.0018284328,0.0017708885,0.0017533752,0.0017310719,0.0017077608,0.0016859708,0.0016636156
47,0.003791898,0.0037394915,0.0036269637,0.0037314232,0.0036028555,0.0034690286,0.0034577204,0.0033206601,0.0033650496,0.0033439808,0.0032989234,0.0032866597,0.0031858035,0.0030502554,0.0029157843,0.0028802155,0.0029241887,0.0030392318,0.0028770325,0.0029243405,0.0029909966,0.0027784558,0.0027429983,0.0025611777,0.0027314762,0.0026861655,0.0026471504,0.0025376496,0.0025321922,0.0024534484,0.0024286639,0.0023572976,0.0023333054,0.0022482189,0.0023033386,0.0023277725,0.0022629371,0.002186633,0.0022000915,0.0021572928,0.0021913094,0.0020356967,0.0020219479,0.0019967656,0.001998972,0.0019637348,0.0019673384,0.001927732,0.0018947652,0.0018340966,0.0018146471,0.0017901555,0.0017646146,0.0017382871
48,0.0042680738,0.0041309055,0.0040675252,0.0039414029,0.0040494723,0.003903972,0.0037527104,0.0037376157,0.0035816586,0.0036256861,0.0035994289,0.0035447008,0.0035275059,0.0034167887,0.0032659717,0.0031173365,0.003075005,0.0031185328,0.0032379566,0.0030617027,0.003107995,0.003170914,0.0029456565,0.0029004074,0.0027083189,0.0028813131,0.0028321432,0.002784753,0.0026671292,0.0026572604,0.0025725211,0.0025414393,0.0024631413,0.0024361238,0.002342457,0.0024009513,0.0024200549,0.0023502369,0.002267777,0.0022792037,0.0022328188,0.0022637521,0.0021006288,0.0020833042,0.0020539795,0.0020542347,0.0020162198,0.0020148956,0.0019720255,0.0019384098,0.0018726126,0.0018510433,0.0018220004,0.0017941545
49,0.0046140066,0.0046546503,0.004499765,0.0044275143,0.0042851052,0.0043970527,0.0042359203,0.0040690007,0.0040457385,0.0038753461,0.0039173738,0.0038834116,0.0038210163,0.003798519,0.0036749347,0.0035085555,0.0033462112,0.0032959675,0.0033376986,0.0034646768,0.0032708591,0.0033163046,0.0033825895,0.0031355802,0.0030876666,0.0028779813,0.0030598609,0.0030036103,0.0029520029,0.0028231602,0.002811279,0.0027155576,0.0026830221,0.0025954703,0.0025634854,0.0024639684,0.0025217645,0.0025404963,0.0024624725,0.0023759137,0.0023830045,0.0023326633,0.0023626459,0.0021886803,0.002168199,0.0021373483,0.0021334937,0.0020925416,0.002090922,0.00204424,0.0020050079,0.0019360603,0.0019102436,0.0018789783
50,0.0051306984,0.0049909443,0.0050333192,0.0048655097,0.0047842435,0.0046324701,0.0047530735,0.0045782913,0.0043977382,0.0043732868,0.0041882565,0.0042334624,0.0041964586,0.0041307779,0.0041049261,0.0039699445,0.0037899532,0.0036169549,0.0035608882,0.0036082232,0.0037412178,0.0035334043,0.003581037,0.0036520601,0.003387199,0.003334161,0.0031066745,0.0033030595,0.0032429974,0.0031854967,0.0030485149,0.0030348046,0.0029320778,0.0028962606,0.0028019955,0.0027688003,0.002659594,0.0027219728,0.0027426401,0.0026591157,0.0025624382,0.002570518,0.0025150226,0.0025480232,0.0023621342,0.0023401119,0.0023063735,0.0023015647,0.0022571325,0.002254941,0.0022050845,0.0021635943,0.0020881224,0.0020609015
51,0.0056059883,0.005497688,0.0053453345,0.0053916694,0.0052112154,0.0051232382,0.0049596092,0.0050885853,0.0048983699,0.0047042591,0.0046781981,0.0044782982,0.004525901,0.004488192,0.0044145951,0.0043856129,0.0042419972,0.0040506585,0.0038615675,0.0038029335,0.0038518542,0.0039928552,0.0037717531,0.0038213024,0.0038976314,0.0036138433,0.0035556136,0.0033126174,0.0035222192,0.0034564781,0.0033961233,0.0032467916,0.0032311134,0.0031215773,0.0030822031,0.0029834322,0.0029460669,0.0028315764,0.0028950261,0.002915156,0.0028269162,0.0027253332,0.0027342353,0.0026738937,0.0027077518,0.0025109163,0.0024844837,0.0024498527,0.0024438232,0.0023960388,0.0023933376,0.0023384601,0.0022950729,0.0022156456
52,0.0059844581,0.0060091853,0.0058920441,0.0057316292,0.0057795341,0.005588118,0.0054931558,0.0053173373,0.0054549909,0.0052529896,0.0050447401,0.0050149908,0.0048047143,0.0048555434,0.0048121776,0.004735048,0.0047048567,0.004549407,0.0043440647,0.0041441131,0.0040822535,0.0041319275,0.0042843981,0.0040460953,0.0041004492,0.0041813154,0.0038763918,0.0038153044,0.0035565821,0.0037788192,0.0037089021,0.0036447352,0.0034868097,0.0034692396,0.0033524386,0.0033097599,0.0032041683,0.0031632922,0.0030390806,0.0031074109,0.0031319592,0.0030353255,0.0029258103,0.0029357258,0.002872395,0.0029091153,0.002697386,0.002669553,0.0026320916,0.0026251627,0.0025737695,0.0025704132,0.0025144247,0.0024662471
53,0.0065764351,0.0062944368,0.0063224105,0.0061994329,0.0060312411,0.0060826436,0.0058818672,0.0057825145,0.0055994603,0.0057448861,0.0055310701,0.0053140322,0.0052842656,0.005061016,0.0051154374,0.0050712277,0.0049911327,0.0049603717,0.0047966821,0.004582111,0.004369732,0.0043037227,0.0043587568,0.0045214486,0.0042701671,0.0043288332,0.0044128033,0.0040921226,0.0040281215,0.0037560122,0.00399098,0.0039180327,0.003848677,0.0036832019,0.0036659229,0.0035421881,0.0034981892,0.0033855743,0.0033427766,0.0032131303,0.0032875663,0.0033115113,0.0032124293,0.0030953697,0.0031060865,0.0030401916,0.0030776765,0.002854611,0.0028271045,0.0027864433,0.0027807194,0.0027258428,0.002724277,0.0026629511
54,0.0067849853,0.006922934,0.0066247479,0.0066536223,0.006524513,0.0063482542,0.0064031652,0.0061901066,0.0060861594,0.0058932056,0.0060465116,0.0058227926,0.0055919517,0.0055597759,0.0053256813,0.0053837935,0.0053386419,0.0052505978,0.0052192017,0.0050494547,0.0048208118,0.004598117,0.0045303526,0.0045881992,0.0047557636,0.0044941053,0.0045544057,0.004644187,0.0043076953,0.0042382594,0.003952598,0.0042000969,0.0041241903,0.0040496977,0.0038743005,0.0038572553,0.0037289185,0.0036811364,0.0035637766,0.0035189074,0.0033812049,0.0034589053,0.0034848009,0.0033784623,0.0032588534,0.0032678369,0.003199483,0.0032378107,0.0030036835,0.0029739391,0.0029322857,0.0029252498,0.002869317,0.00286479
55,0.0074813341,0.0070855018,0.0072218757,0.0069053167,0.006931656,0.0067916565,0.0066024451,0.00665294,0.0064264104,0.0063155476,0.0061079328,0.0062608088,0.0060250583,0.0057835619,0.0057453857,0.0054977963,0.0055520709,0.0055011073,0.0054084442,0.0053702474,0.0051896376,0.0049543421,0.0047209931,0.0046479505,0.0047000188,0.0048697379,0.0045960933,0.0046569232,0.0047422504,0.0043950343,0.0043225762,0.0040282786,0.0042767244,0.0041937545,0.0041174487,0.0039352708,0.0039156403,0.0037815514,0.0037289026,0.0036087078,0.003559205,0.0034188542,0.0034923315,0.0035154511,0.0034081602,0.0032829393,0.0032893518,0.0032180797,0.003256222,0.0030165074,0.002984243,0.0029399753,0.0029303535,0.0028717944
56,0.007462758,0.0077952429,0.0073801471,0.0075196377,0.007186848,0.0072079033,0.0070592803,0.0068593262,0.0069077754,0.0066699074,0.006551914,0.0063341929,0.0064891707,0.0062407915,0.0059882651,0.0059464603,0.0056874993,0.0057407034,0.0056837877,0.0055861978,0.005543288,0.0053559226,0.0051089878,0.0048676335,0.0047878855,0.0048405186,0.0050130159,0.0047289808,0.004787898,0.0048733375,0.0045158866,0.0044378662,0.0041322922,0.0043857273,0.004299816,0.0042183337,0.0040308883,0.0040063334,0.0038684811,0.0038135502,0.0036881762,0.0036370663,0.0034895833,0.0035651633,0.0035879339,0.0034735479,0.0033446298,0.0033511368,0.0032763449,0.0033114822,0.0030670146,0.0030352855,0.0029864533,0.0029769881
57,0.0083917135,0.0077982712,0.0081482475,0.007715525,0.0078640245,0.0075166145,0.007543029,0.0073901936,0.0071814327,0.0072356149,0.0069872442,0.0068666006,0.0066406682,0.0068034992,0.0065469208,0.006282149,0.0062400166,0.0059719046,0.0060288504,0.0059731283,0.0058694775,0.0058279062,0.0056313024,0.0053743064,0.0051200995,0.0050391724,0.0050980424,0.0052785956,0.0049829399,0.0050435837,0.0051369013,0.0047616466,0.0046803794,0.0043607225,0.0046282155,0.0045384063,0.0044558217,0.0042573718,0.0042354119,0.0040876546,0.0040337684,0.0039011234,0.0038483708,0.0036955062,0.0037755799,0.0037975692,0.0036798551,0.0035452507,0.0035526094,0.0034722647,0.0035127048,0.0032554568,0.0032197262,0.0031702106
58,0.0088724378,0.0088408476,0.008214968,0.0085812182,0.0081243315,0.0082782609,0.0079123616,0.0079396964,0.0077742902,0.0075560995,0.0076085487,0.0073485149,0.0072173974,0.0069803362,0.0071513438,0.006878139,0.006600581,0.0065557725,0.0062709597,0.0063293658,0.0062697559,0.0061598362,0.0061146243,0.0059086022,0.0056365812,0.0053714897,0.0052838877,0.0053430685,0.0055340981,0.0052217029,0.0052865492,0.0053802507,0.0049857726,0.0049011729,0.0045672133,0.0048449738,0.0047493858,0.0046614237,0.0044550509,0.0044283151,0.0042756605,0.0042177018,0.0040775606,0.0040223777,0.0038609846,0.0039439723,0.003967855,0.0038428351,0.003700607,0.0037085216,0.0036256843,0.0036670129,0.0033964095,0.0033604418
59,0.0095783595,0.0092155211,0.0091819247,0.008533225,0.0089131323,0.0084404452,0.008597372,0.0082189887,0.0082458343,0.0080760486,0.0078486514,0.0079039407,0.0076336838,0.0074971714,0.0072515214,0.0074274496,0.0071445635,0.0068571043,0.0068087222,0.006514142,0.0065748505,0.0065113074,0.0064004824,0.0063521004,0.0061376097,0.0058553215,0.0055804223,0.0054886009,0.0055511477,0.0057463341,0.0054237035,0.0054897249,0.0055899918,0.0051805876,0.005092565,0.0047441293,0.0050331589,0.0049350418,0.0048422972,0.0046285107,0.0046016953,0.0044418528,0.004381979,0.0042365795,0.0041785549,0.0040107387,0.0040959899,0.0041218026,0.0039923926,0.0038451329,0.0038535117,0.0037658395,0.0038081936,0.0035293375
60,0.0105868821,0.0100551613,0.0096754488,0.0096455035,0.0089674919,0.0093666681,0.0088735002,0.0090412128,0.0086456298,0.008675922,0.0085004924,0.0082628237,0.0083239997,0.0080406617,0.0079004951,0.007642836,0.0078324946,0.0075357155,0.0072341808,0.0071858108,0.0068786585,0.0069446716,0.0068793341,0.0067612412,0.0067131911,0.0064873703,0.0061914324,0.0059041493,0.005808797,0.0058750773,0.0060852096,0.0057455526,0.0058163768,0.0059232518,0.0054917486,0.0054000933,0.0050316689,0.0053403385,0.0052391143,0.0051410877,0.004914476,0.0048877924,0.0047195267,0.004656004,0.0045030689,0.0044440261,0.0042685897,0.0043600035,0.004387376,0.0042530099,0.004096596,0.0041059695,0.0040143115,0.0040614787
61,0.0142238542,0.0111196289,0.0105645502,0.0101669792,0.0101356858,0.0094246316,0.0098439865,0.0093267938,0.0095055579,0.0090919739,0.0091230919,0.0089389767,0.0086879529,0.008754983,0.0084580302,0.0083113822,0.0080412626,0.0082396755,0.0079311922,0.0076127255,0.0075641396,0.0072390236,0.0073100119,0.007242713,0.0071197168,0.0070694978,0.0068322636,0.0065223351,0.0062170939,0.006119713,0.0061916633,0.0064110423,0.0060545204,0.0061299784,0.0062438978,0.0057883235,0.0056928993,0.0053065861,0.0056289918,0.0055225541,0.0054222076,0.0051830272,0.0051563523,0.0049796627,0.0049122209,0.0047515165,0.0046884832,0.0045049019,0.0046015877,0.0046305822,0.004489281,0.0043239112,0.0043341026,0.0042387351
62,0.011773151,0.0149848401,0.0117123953,0.0111258642,0.010706622,0.0106714151,0.0099208196,0.0103619693,0.009816817,0.0100019183,0.0095666884,0.009598634,0.0094026038,0.0091402172,0.0092078174,0.0088938986,0.0087378069,0.0084521681,0.0086594119,0.0083336654,0.0080001969,0.0079462224,0.0076051112,0.0076784147,0.0076064212,0.0074758257,0.0074233818,0.0071745515,0.0068454355,0.0065264164,0.0064237035,0.0064951458,0.0067262689,0.0063502492,0.0064301819,0.0065462289,0.0060699482,0.0059680879,0.0055635342,0.0059013202,0.0057874633,0.0056827313,0.0054313209,0.0054020606,0.0052170066,0.0051453399,0.0049766138,0.0049114883,0.0047167065,0.0048176711,0.004848339,0.0046981914,0.0045266344,0.0045349359
63,0.0125500745,0.0123467887,0.0157140935,0.0122886582,0.0116760645,0.0112395804,0.0112076162,0.0104236599,0.0108893987,0.0103178509,0.0105173356,0.0100621289,0.0100975379,0.0098942713,0.0096198583,0.009695934,0.0093690681,0.0092081364,0.0089087489,0.0091304889,0.0087905464,0.0084409543,0.0083868379,0.0080290983,0.0081084903,0.008034024,0.0078999926,0.0078444457,0.007584752,0.0072403706,0.006903567,0.0067959482,0.0068755387,0.007122909,0.0067271987,0.0068121992,0.0069394534,0.0064344838,0.0063284239,0.0058998841,0.0062625037,0.0061439794,0.0060324931,0.0057689276,0.0057396212,0.0055426304,0.0054696304,0.0052928583,0.0052245738,0.0050194877,0.0051279482,0.0051625751,0.0050033858,0.0048216081
64,0.0140199873,0.0132059381,0.0129940582,0.0165399192,0.0129410578,0.0122985603,0.0118406778,0.0118069443,0.0109852518,0.0114782224,0.0108785297,0.0110908596,0.0106114592,0.0106533667,0.0104420111,0.0101546562,0.0102366762,0.0098927607,0.0097238307,0.0094124787,0.0096492491,0.0092908209,0.0089215534,0.0088674014,0.0084923597,0.0085759691,0.0085013164,0.0083606864,0.0083040223,0.0080299045,0.007667099,0.0073124535,0.0072009083,0.0072871655,0.00754866,0.0071320082,0.0072249808,0.0073603139,0.0068273339,0.0067168388,0.0062636381,0.0066471954,0.0065233595,0.0064070157,0.0061279915,0.0060985603,0.0058916207,0.0058148023,0.0056272848,0.0055559342,0.0053378689,0.0054569211,0.0054927933,0.0053265942
65,0.0158128328,0.0146940618,0.0138393024,0.0136187201,0.0173285671,0.0135568412,0.0128803799,0.0124033308,0.012367014,0.0115037383,0.0120188567,0.0113906436,0.0116117174,0.0111080685,0.0111500399,0.0109280261,0.0106275891,0.0107097983,0.0103498608,0.0101728676,0.0098467841,0.0100927037,0.0097153706,0.0093318138,0.0092714116,0.0088784796,0.0089666158,0.0088865465,0.0087374106,0.0086805069,0.0083910436,0.0080122648,0.0076422282,0.0075244926,0.0076128041,0.0078866159,0.0074486812,0.007546137,0.0076863867,0.0071305422,0.0070129363,0.0065398183,0.0069398029,0.0068104129,0.0066889461,0.0063965087,0.0063641429,0.0061479869,0.0060690095,0.0058727553,0.0057965201,0.0055690602,0.0056901165,0.0057302025
66,0.0145667395,0.0167375491,0.0155494751,0.0146434619,0.0144075503,0.0183296313,0.0143371484,0.0136213495,0.0131143044,0.013073163,0.0121602346,0.0127037127,0.0120384424,0.0122708271,0.0117372695,0.0117804135,0.0115431983,0.0112254367,0.0113106809,0.0109288008,0.010742666,0.010395214,0.0106512575,0.0102535339,0.0098461067,0.0097826367,0.0093684235,0.00945805,0.0093720046,0.0092155699,0.0091520051,0.0088472207,0.0084488324,0.0080570197,0.0079314917,0.0080227963,0.008310681,0.0078483418,0.0079479891,0.0080969878,0.0075080175,0.0073855282,0.0068865971,0.0073065607,0.0071695761,0.0070385369,0.0067332798,0.0066954405,0.0064691651,0.0063832772,0.0061781393,0.0060952712,0.0058562767,0.0059838661
67,0.0154897194,0.0154776162,0.0177915624,0.0165374255,0.0155759637,0.0153298482,0.0195088029,0.0152671756,0.0145099634,0.013972451,0.0139348325,0.0129661853,0.0135503481,0.0128442647,0.0130966051,0.0125323033,0.012580773,0.0123344438,0.0119944751,0.0120913557,0.0116883961,0.0114915591,0.0111234556,0.0114020065,0.0109824641,0.01054793,0.0104827867,0.0100409393,0.0101440925,0.0100538065,0.009890211,0.0098251885,0.0095001625,0.0090750692,0.0086568372,0.0085241613,0.0086272787,0.0089390711,0.0084453462,0.008554116,0.0087158113,0.0080865845,0.0079559954,0.0074221352,0.007877117,0.0077323361,0.0075941685,0.0072656371,0.0072300389,0.0069861881,0.0068968649,0.006675311,0.0065913831,0.0063351151
68,0.0179935934,0.0164239841,0.0164169213,0.0188752016,0.0175488113,0.0165375751,0.0162764565,0.0207199951,0.0162158418,0.0154157065,0.014848796,0.0148142072,0.0137870614,0.0144094676,0.0136634135,0.0139328363,0.0133363383,0.0133925138,0.0131335522,0.0127759136,0.0128815348,0.0124539049,0.0122484045,0.0118586287,0.012159916,0.0117126669,0.011252639,0.0111878344,0.0107171432,0.0108307533,0.0107358623,0.0105620701,0.0104981296,0.0101523884,0.0096996373,0.009256102,0.0091176664,0.0092289972,0.0095647242,0.0090390659,0.0091597281,0.0093345757,0.0086619924,0.0085255239,0.0079530273,0.0084428337,0.0082903028,0.0081450685,0.0077929428,0.0077568268,0.0074975623,0.0074044137,0.0071684314,0.0070777936
69,0.0192810105,0.0192480748,0.0175700647,0.0175640578,0.020190496,0.0187722977,0.0176866133,0.0174107845,0.0221643268,0.0173442641,0.0164893155,0.0158808166,0.0158410835,0.0147428814,0.0154093969,0.0146108697,0.014899537,0.0142616562,0.0143204852,0.0140440518,0.0136611091,0.0137726936,0.0133172755,0.0130962845,0.0126803337,0.0130025147,0.0125241673,0.0120312236,0.0119614608,0.0114577534,0.0115773845,0.0114772115,0.0112920832,0.0112230972,0.0108548485,0.010367818,0.0098931227,0.0097467075,0.0098642286,0.0102246817,0.0096595039,0.0097892873,0.0099772256,0.0092593086,0.0091111997,0.0085014054,0.0090241805,0.0088607012,0.0087053554,0.0083288762,0.0082894483,0.0080142249,0.0079117736,0.0076607893
70,0.0208255567,0.020786911,0.0207658484,0.0189649462,0.0189705032,0.0218218886,0.0202965793,0.0191345113,0.0188466069,0.024005641,0.0187949804,0.0178777607,0.0172296034,0.017196766,0.016012359,0.0167460462,0.0158873829,0.0162105182,0.0155238801,0.0155969123,0.01530418,0.0148945677,0.0150270579,0.0145374773,0.0143033465,0.0138573534,0.0142148008,0.0137005274,0.0131683648,0.0130988186,0.0125569667,0.0126960336,0.0125942502,0.0123955352,0.0123246348,0.0119297085,0.0114015812,0.010885542,0.0107282786,0.0108656614,0.0112673688,0.0106521771,0.0108022254,0.0110149399,0.0102281075,0.0100696552,0.0093984308,0.0099858831,0.009809151,0.0096417448,0.0092307692,0.0091933463,0.0088923862,0.0087847958
71,0.0235475977,0.0224769032,0.0224439015,0.0224295939,0.0204918398,0.020502098,0.0235968538,0.0219516386,0.020700948,0.0203943897,0.0259913081,0.0203567463,0.019368306,0.0186711291,0.0186417572,0.0173627378,0.0181668092,0.0172378762,0.0175964362,0.0168575713,0.0169446951,0.016627942,0.0161924806,0.0163400421,0.0158110252,0.0155623835,0.0150814068,0.0154805651,0.0149224512,0.0143487709,0.0142787345,0.0136910501,0.0138466156,0.0137397497,0.0135292217,0.0134585614,0.0130275215,0.0124563526,0.0118966047,0.0117296392,0.0118832898,0.0123267969,0.0116599552,0.0118243693,0.0120627157,0.0112056104,0.0110360526,0.0103038638,0.0109508562,0.0107607469,0.0105811129,0.0101348337,0.0100964191,0.009768898
72,0.0246264664,0.025266769,0.0241109349,0.0240663247,0.0240388402,0.0219564523,0.0219606703,0.0252691161,0.0234996124,0.0221565794,0.0218195808,0.027802429,0.0217627009,0.0207002399,0.0199507447,0.0199135931,0.0185391327,0.0193923644,0.0183957733,0.0187727844,0.0179796068,0.0180653763,0.0177227687,0.0172527489,0.0174055741,0.0168357442,0.0165673303,0.0160512905,0.0164673264,0.0158711478,0.0152551739,0.0151753403,0.014548388,0.0147070551,0.0145897812,0.0143620434,0.0142815667,0.0138235413,0.0132124845,0.0126135686,0.0124332801,0.0125926776,0.013059713,0.0123478494,0.0125183653,0.0127676763,0.0118540037,0.0116733978,0.0108956815,0.0115777904,0.0113723472,0.0111812036,0.0107049504,0.010659463
73,0.0283955679,0.0266615486,0.0273553919,0.0261027156,0.0260572689,0.0260285115,0.0237666901,0.0237728461,0.0273559382,0.0254423654,0.0239825803,0.0236157747,0.0300966627,0.023554242,0.022403741,0.0215901138,0.0215480442,0.0200625279,0.0209860581,0.019905835,0.0203134577,0.0194507306,0.0195464115,0.0191752229,0.0186652065,0.0188293569,0.0182144812,0.0179223111,0.0173633799,0.0178135979,0.0171689118,0.0165035799,0.0164154769,0.0157345575,0.0159084922,0.0157814014,0.0155341298,0.0154472686,0.014950371,0.0142893269,0.0136410954,0.0134433955,0.0136160352,0.0141220957,0.0133529543,0.0135372998,0.0138054011,0.0128201905,0.0126213457,0.0117809656,0.0125186133,0.0122973808,0.0120889575,0.0115739062
74,0.0295863792,0.0308867357,0.029010662,0.0297742681,0.0284172037,0.0283762943,0.0283539346,0.0258990448,0.0259115808,0.0298337302,0.0277515414,0.0261696286,0.0257784303,0.0328643563,0.0257287076,0.0244762536,0.023594879,0.0235596936,0.0219394645,0.0229578659,0.0217826936,0.0222366494,0.0213001383,0.021411027,0.0210111045,0.0204579346,0.0206457472,0.0199806932,0.019666027,0.0190552471,0.0195578487,0.0188556397,0.0181297355,0.0180404777,0.0172980976,0.0174945762,0.0173607341,0.017096592,0.0170033915,0.0164624083,0.0157398678,0.0150317594,0.0148195628,0.0150149495,0.0155770855,0.0147328237,0.014942142,0.0152451053,0.0141578422,0.0139469817,0.0130224388,0.0138393068,0.0136000689,0.0133724668
75,0.0346103442,0.0321005796,0.0335048047,0.0314530201,0.032271126,0.0307946739,0.0307386783,0.0307050547,0.028036315,0.0280435847,0.0322771853,0.0300150026,0.0282930735,0.0278634411,0.0355195258,0.0277930803,0.0264321264,0.0254739001,0.0254236753,0.0236700822,0.0247622348,0.0234858127,0.023968204,0.0229536484,0.0230630034,0.0226282971,0.0220244716,0.0222225756,0.0214955997,0.0211521471,0.0204911527,0.0210265506,0.0202631329,0.0194775013,0.0193767609,0.0185725953,0.0187800341,0.0186306795,0.0183408253,0.0182364805,0.0176493466,0.0168703929,0.0161052239,0.0158725845,0.01607824,0.0166774277,0.0157678316,0.015987451,0.016305246,0.0151396051,0.0149080232,0.0139169954,0.0147868373,0.0145254947
76,0.0370216664,0.0375317155,0.034814317,0.0363380355,0.0341175569,0.035008153,0.0334089737,0.0333551204,0.0333171422,0.0304281723,0.0304318019,0.0350378036,0.032585726,0.0307170152,0.03025062,0.0385765496,0.0301807037,0.0287060403,0.0276668457,0.0276189424,0.0257150295,0.0269031935,0.025519568,0.0260482889,0.0249445841,0.0250693965,0.0245996308,0.0239443914,0.0241619092,0.0233739902,0.0230026693,0.022284636,0.022871213,0.0220437416,0.0211922271,0.0210834756,0.0202117507,0.0204363478,0.0202771815,0.0199641561,0.019854631,0.0192157919,0.0183678681,0.0175390839,0.0172872627,0.017514757,0.01816795,0.0171776335,0.0174217919,0.0177711209,0.0165015245,0.0162493651,0.015169083,0.0161215566
77,0.0436882961,0.0404322339,0.0410002505,0.0380339135,0.0397058824,0.0372849659,0.0382689342,0.0365214131,0.0364697262,0.0364395943,0.0332798995,0.0332963061,0.0383466106,0.0356663691,0.0336228952,0.0331230208,0.0422501937,0.0330549582,0.0314468399,0.0303126408,0.0302655733,0.0281835225,0.0294917577,0.0279816062,0.0285665821,0.0273629051,0.0275010879,0.0269912881,0.0262791554,0.0265222876,0.0256631914,0.0252609522,0.0244775412,0.0251251745,0.0242205064,0.0232895583,0.0231757751,0.0222201742,0.022473745,0.0223011404,0.0219612336,0.0218437762,0.0211476787,0.0202199039,0.0193096934,0.0190367008,0.0192918314,0.0200159,0.0189296625,0.0191999635,0.0195905412,0.0181938106,0.0179209658,0.0167297027
78,0.046964625,0.0481215605,0.0445363809,0.0451666499,0.0419000513,0.043760488,0.041093763,0.0421840178,0.0402676317,0.0402119754,0.0401909394,0.0367055355,0.0367305527,0.0423150623,0.0393588061,0.0371106693,0.0365643877,0.0466588281,0.0365033195,0.0347302063,0.0334836158,0.0334349664,0.0311383971,0.0325933448,0.0309265324,0.0315781951,0.0302541574,0.0304167462,0.0298569377,0.0290705492,0.0293454814,0.0283997999,0.0279591857,0.02709694,0.0278194816,0.0268228002,0.0257936321,0.0256740669,0.0246190029,0.0249069734,0.0247197489,0.0243454266,0.0242231428,0.0234543322,0.0224251719,0.0214188251,0.0211234337,0.0214072739,0.0222194782,0.0210147063,0.0213222525,0.0217554121,0.0202080845,0.0199110075
79,0.0530827249,0.0515179678,0.0527610967,0.048804,0.0494757805,0.0458731369,0.0478883458,0.0449490457,0.0461298448,0.0440083937,0.0439311487,0.0438856685,0.0400592699,0.0400695371,0.0461567841,0.0429096253,0.0404398101,0.0398261639,0.0508091967,0.0397229508,0.0377774613,0.0364058175,0.0363388705,0.0338285146,0.035393837,0.0335705614,0.0342660808,0.0328113213,0.0329740986,0.0323539265,0.0314905678,0.0317754483,0.030741943,0.0302487624,0.0293046762,0.0300739557,0.0289853165,0.027861553,0.0277190571,0.0265707922,0.026869863,0.0266584617,0.0262445405,0.0261019752,0.0252641464,0.0241466778,0.0230525764,0.0227242035,0.023024533,0.0238853056,0.0225831059,0.0229048701,0.023361572,0.0216911627
80,0.0579601385,0.0582502053,0.0565281821,0.0578964401,0.0535404283,0.0542827823,0.0503248029,0.0525389107,0.0493099544,0.0505997682,0.0482720487,0.0481903011,0.048136252,0.0439385019,0.0439476554,0.0506309706,0.0470614673,0.0443499595,0.0436740109,0.0557311117,0.0435598768,0.0414242167,0.0399199286,0.0398479702,0.0370902351,0.038809787,0.0368078004,0.0375692687,0.0359757176,0.0361531146,0.0354729351,0.0345249864,0.0348394843,0.0337032735,0.033163736,0.032126808,0.0329712969,0.0317771995,0.0305439875,0.0303872323,0.0291299131,0.0294551262,0.0292259298,0.0287734479,0.0286158284,0.0276950632,0.0264692105,0.0252714448,0.0249120195,0.0252400821,0.0261851097,0.024755093,0.0251100968,0.0256146043
81,0.0655031417,0.0638264129,0.064140527,0.0622431537,0.0637461986,0.058951894,0.059766391,0.055400775,0.0578399432,0.0542796278,0.0557063778,0.0531421341,0.0530487285,0.0529904603,0.0483647175,0.0483763142,0.0557409927,0.0518109277,0.0488215684,0.0480792269,0.0613689218,0.0479520815,0.0455964574,0.0439405951,0.0438616721,0.0408261621,0.0427207877,0.0405172855,0.0413570094,0.0395984886,0.0397962081,0.0390471789,0.0380076376,0.0383501479,0.0371004418,0.0365081469,0.0353676562,0.0362985629,0.0349828991,0.0336274191,0.0334560472,0.0320687414,0.0324295344,0.0321765103,0.0316798853,0.0315071419,0.0304923711,0.0291445874,0.0278251164,0.0274304914,0.0277899439,0.028837268,0.0272607882,0.0276497034
82,0.0757595664,0.0724310816,0.0705726729,0.0709273819,0.0688315666,0.0705103205,0.0651978761,0.0661067367,0.0612807855,0.0639924806,0.0600538742,0.0616368934,0.0587975883,0.0587036509,0.0586522434,0.0535200395,0.0535397851,0.0617215302,0.0573594565,0.0540550513,0.0532383879,0.0679810133,0.0531100563,0.0505053042,0.0486758336,0.048590853,0.0452299306,0.0473364307,0.0448962758,0.0458337871,0.0438924414,0.0441168592,0.0432897624,0.0421393387,0.0425270433,0.0411423828,0.0404911081,0.0392318099,0.040269707,0.0388149568,0.0373112081,0.0371282125,0.0355922051,0.0359976733,0.0357231006,0.0351726674,0.0349848701,0.0338652083,0.0323705196,0.0309068057,0.030470984,0.030879415,0.0320437671,0.0302969888
83,0.0814442021,0.0833785382,0.0797317627,0.0777040578,0.0781164491,0.0758233177,0.0776901266,0.0718544508,0.0728737636,0.0675689531,0.0705755848,0.0662463592,0.0680128244,0.06489339,0.0648077366,0.0647639551,0.0591145082,0.0591473057,0.0682214043,0.0634160621,0.0597671157,0.0588816439,0.0752264132,0.0587699168,0.055902297,0.0538887927,0.0538112322,0.0500980225,0.0524501737,0.0497595778,0.0508125248,0.0486727188,0.0489332889,0.0480295095,0.0467655473,0.0472100313,0.0456883706,0.0449730675,0.0435869303,0.0447543002,0.0431478865,0.0414879148,0.0412946051,0.0395956727,0.0400630771,0.0397662895,0.0391645006,0.0389675301,0.0377304301,0.0360751068,0.0344517995,0.0339787516,0.0344411325,0.0357562385
84,0.0916614124,0.0900218827,0.0922104895,0.0882118641,0.0860035107,0.0865105547,0.0840026218,0.0861171702,0.0796711086,0.0808506141,0.0749865502,0.0783712892,0.0735869151,0.0755998153,0.0721550748,0.0721011633,0.07208754,0.0658117478,0.065892104,0.0760447937,0.0707119609,0.0666778087,0.0657168493,0.0840291584,0.0656627195,0.0624814855,0.0602579197,0.0602025119,0.0560746397,0.0587345293,0.0557484568,0.0569547156,0.0545833447,0.0549021399,0.0539127469,0.052522448,0.0530483779,0.0513569866,0.0505805396,0.0490410708,0.050386449,0.0485998157,0.0467499715,0.0465566454,0.0446642357,0.0452096286,0.044900248,0.0442439763,0.0440424081,0.0426616741,0.0408102875,0.0389958078,0.0384739559,0.0390227833
85,0.1011996904,0.1018682742,0.1001120496,0.1026112423,0.098208192,0.095814065,0.0964355614,0.0937003503,0.0961218759,0.0889811014,0.0903488393,0.0838389933,0.0876895034,0.0823839344,0.0846879178,0.0808846246,0.0808659085,0.0809082817,0.0739079596,0.0740330618,0.0855269738,0.0795694267,0.0750670442,0.0740351185,0.0947523421,0.0740645959,0.0705214712,0.0680525487,0.0680304495,0.0634063739,0.0664584722,0.063113426,0.0645270069,0.061875832,0.0622772691,0.0611985187,0.0596541597,0.0602889839,0.0584087299,0.0575583887,0.0558438643,0.0574109744,0.0554065601,0.0533359306,0.0531480681,0.0510176324,0.051679218,0.0513536305,0.0506360607,0.0504411853,0.0488901835,0.0467973405,0.044742947,0.0441766741
86,0.1155717908,0.1126249519,0.1134114504,0.1114979232,0.1143349783,0.1094591537,0.1068315,0.1075666681,0.1045490146,0.1073047284,0.0993522204,0.100921731,0.0936783243,0.0980304081,0.0921259544,0.0947402904,0.0905113738,0.0905334264,0.0906170026,0.0828008083,0.0829721481,0.0959151991,0.0892619145,0.0842426852,0.083107798,0.1064349004,0.0832075406,0.0792603383,0.076510473,0.0765204703,0.0713373548,0.0748099172,0.0710733549,0.0726917716,0.0697319677,0.0702150225,0.0690259982,0.0673097653,0.0680573482,0.0659546526,0.0650245977,0.0631134401,0.0649099112,0.0626711574,0.0603510131,0.0601654992,0.0577733296,0.0585476658,0.0582070385,0.0574139352,0.0572174237,0.0554817167,0.0531271233,0.0508123907
87,0.2268754724,0.129130642,0.1259089118,0.1268650576,0.1247817436,0.1280503313,0.1226555447,0.1197673262,0.1206754884,0.1173538848,0.1205217009,0.1116417196,0.1134787241,0.1053835049,0.1103485662,0.1037568399,0.106775195,0.1020687794,0.1021449928,0.102296838,0.093512847,0.0937822307,0.1084845193,0.1010129969,0.0953779867,0.0941540167,0.1206912508,0.0943854134,0.0899498797,0.0868826893,0.0869442736,0.0811040938,0.0851050145,0.080894126,0.0827927876,0.0794635091,0.0800692053,0.0787544578,0.0768394875,0.0777410956,0.0753874851,0.0743726407,0.0722225578,0.0743318387,0.0718080234,0.0691877569,0.069016624,0.0663131089,0.0672462832,0.0668916572,0.0660268414,0.0658335324,0.063879124,0.0612024538
88,0.1760189205,0.2535652079,0.1441166815,0.1405785137,0.1417095519,0.1394496831,0.1431667303,0.1371865187,0.134021492,0.1350915262,0.1314191499,0.1350399371,0.1251212296,0.1272433267,0.1182146879,0.1238429309,0.1164856396,0.1199397792,0.1146853959,0.1148301979,0.1150572587,0.1052190901,0.1055539299,0.1221990274,0.1138160544,0.1075083305,0.1061800282,0.136203548,0.1065282804,0.1015658642,0.0981423598,0.0982618801,0.0916948702,0.0962671024,0.0915419162,0.0937419294,0.0900064356,0.0907358267,0.0892827156,0.0871566112,0.0882229331,0.0855875431,0.084466472,0.0820646302,0.0845035119,0.0816681962,0.0787281629,0.0785681529,0.0755252297,0.0766220012,0.0762514464,0.0752989842,0.0751176664,0.0729175944
89,0.1929878316,0.1973699213,0.2849137108,0.1618375975,0.1580301959,0.1594802449,0.1571136681,0.1614971562,0.1549109755,0.1514835684,0.1528729742,0.1488984748,0.1531700721,0.142061673,0.1446422818,0.1345063274,0.1410838505,0.1328372218,0.1369364476,0.1310745478,0.1313902291,0.1317885872,0.1206346404,0.1211620997,0.1404565415,0.1309520971,0.1238248159,0.1224299065,0.157261968,0.1230956497,0.1174880508,0.1136508566,0.1139102478,0.1064108035,0.1118484762,0.1064741429,0.1091476527,0.1049146068,0.1058751779,0.1042988673,0.1019197185,0.1032861434,0.1003081052,0.0991060805,0.0963918236,0.0993609861,0.0961379129,0.0927707417,0.092684014,0.089189576,0.09058323,0.0902490884,0.0892214343,0.0891030166
90,0.2035887597,0.2151938471,0.2202337804,0.3184450585,0.1806547683,0.1765146971,0.1782742383,0.1757392828,0.1807649184,0.1735088167,0.1697944082,0.1714654785,0.1670981196,0.1720161008,0.1596416075,0.1626500146,0.151322187,0.158851029,0.1496608122,0.1543882729,0.1478734377,0.148326084,0.1488901486,0.1363485249,0.1370492398,0.1590273462,0.148331021,0.1403486641,0.1388457826,0.1785410262,0.1398016773,0.1335186728,0.1292379671,0.1296221274,0.1211561447,0.1274377726,0.1213944834,0.1245323859,0.1197743811,0.1209636395,0.1192398064,0.1165941083,0.1182328614,0.1149032834,0.1135972929,0.1105600992,0.1140487196,0.1104178556,0.1066240558,0.1065979827,0.1026459021,0.1043171458,0.1040035501,0.1028829075
91,0.1846731422,0.2283567687,0.2418233982,0.2478528958,0.3592166216,0.2036414785,0.1992618021,0.2015359553,0.198940941,0.2049208877,0.1969458845,0.1929696749,0.1951589515,0.1904283301,0.1963216958,0.1824224806,0.186121695,0.1733894128,0.1822643297,0.1719251532,0.1776284294,0.1703491374,0.1710982043,0.1719906438,0.1576938665,0.1587086081,0.1844544204,0.1722746903,0.1632073123,0.1616678237,0.2082295288,0.1632174099,0.1560753625,0.1512717537,0.1519256964,0.1421843223,0.1497666799,0.1428392958,0.1467316653,0.141315604,0.1428967717,0.1410483966,0.1381045638,0.14022981,0.1364541127,0.135085961,0.1316403683,0.1359802757,0.1318151191,0.1274516647,0.1275874785,0.1230153015,0.1251882752,0.1249709608
92,0.1600991326,0.2059785842,0.2554361839,0.270996907,0.2780661022,0.4040730656,0.2288785497,0.2242358841,0.2271068084,0.2244954983,0.2316119412,0.2228713807,0.2186797636,0.2214652154,0.21638399,0.2234037192,0.2078299829,0.2123340232,0.1980507868,0.2085045193,0.1969338071,0.2037454674,0.1956498538,0.1967809151,0.1980596704,0.181821846,0.1832356217,0.2133086319,0.1994662356,0.1891995204,0.1876625665,0.2421195784,0.189962696,0.1818875633,0.1765210965,0.1775162556,0.1663455094,0.1754440871,0.1675496066,0.1723482661,0.1661889953,0.1682793905,0.1663122243,0.1630536142,0.1657826066,0.1615250477,0.1601125854,0.1562311466,0.1615897378,0.1568426193,0.1518459483,0.1522010965,0.1469316245,0.1497259651
93,0.27617563,0.1775588811,0.2287934793,0.2845101259,0.3021966949,0.310320962,0.4516337059,0.2554084598,0.2504284063,0.2538293217,0.2510876321,0.2592353299,0.2495894323,0.2450452317,0.2483646908,0.2428341385,0.2508733624,0.2335226943,0.2387837063,0.2228431427,0.2347955432,0.2218781972,0.2297227717,0.2207334274,0.2221587219,0.2237860124,0.2055423284,0.2072887117,0.2415498116,0.2259843237,0.2144734905,0.2128906646,0.2749492029,0.2158069643,0.2067578331,0.2007858597,0.2020547062,0.1894590289,0.1999716023,0.1911014041,0.1967013976,0.1898039975,0.1923211085,0.1902027067,0.1866003604,0.1898492225,0.1851015557,0.1836086002,0.1792746863,0.1855521177,0.1802225861,0.1745946099,0.1751266168,0.1691661112
94,0.3197506325,0.306480305,0.196679543,0.2538860104,0.3162989324,0.3363398693,0.3457577793,0.5042071197,0.2848321312,0.2793944663,0.2834352701,0.2805623168,0.2898796817,0.279306737,0.274384085,0.2782772498,0.2722671238,0.2815139316,0.2621810594,0.2682847428,0.2505111411,0.2641622575,0.2497888585,0.2587927757,0.2488321192,0.2506325829,0.2526178841,0.2321559521,0.2342757306,0.2732733708,0.2558159232,0.2429233011,0.241294654,0.3119036145,0.244921194,0.2348108933,0.2281781325,0.2297786275,0.2155896397,0.2277130866,0.2177297726,0.2242779508,0.2165583506,0.2195610534,0.2172949947,0.2133187682,0.217176461,0.2118765838,0.2103055187,0.2054734851,0.2128200383,0.206829051,0.2004957813,0.2012378306
95,0.3732213037,0.353289792,0.3387644263,0.2170245399,0.2806382629,0.3504646311,0.372828353,0.3832690596,0.5599266952,0.3157355553,0.3098629401,0.314463307,0.311443433,0.3219447262,0.3102977815,0.3049617012,0.3095065918,0.302874689,0.3133718257,0.2919386886,0.2988473564,0.2791984648,0.2945258288,0.2786089068,0.2888405482,0.2778033184,0.2799370183,0.2822920039,0.2595113981,0.262003796,0.3058154391,0.2863990842,0.2720839916,0.2703686126,0.3497219606,0.2746590833,0.2634268433,0.2560982967,0.2580089494,0.2421814968,0.2559239838,0.2448207701,0.2522916587,0.243702563,0.2472026448,0.2447595561,0.2403816506,0.2448385033,0.2389743259,0.2373012003,0.2319533885,0.2403485601,0.2336895469,0.2266359704
96,0.377760853,0.4138124649,0.3913405495,0.3751359751,0.2395676974,0.3106094808,0.388556567,0.4135391924,0.425222312,0.6214961022,0.3493820328,0.3428105759,0.3479277173,0.3445928253,0.3562330163,0.3432717469,0.3373751239,0.3423450115,0.3350218095,0.3466386555,0.3229179712,0.3305795314,0.3087153534,0.3257910448,0.3081130356,0.3194293866,0.3072167205,0.3095792495,0.3121997572,0.2869300912,0.2897721306,0.338273058,0.3167431299,0.3008469166,0.2989829678,0.3868504523,0.3037118093,0.2912761742,0.2831662242,0.2852690787,0.2677694875,0.2829695202,0.2706850641,0.278949405,0.2694662352,0.2733511422,0.2706475205,0.265804971,0.2707585064,0.2642495476,0.2624203317,0.2565016374,0.2658083194,0.2584346696
97,0.4636446608,0.4223500411,0.4632116004,0.4377825363,0.4194333776,0.2665245203,0.3469716495,0.436269045,0.4646840149,0.4771167048,0.6986461251,0.3901183736,0.3828607435,0.3887362637,0.3850247974,0.3981448867,0.3835721317,0.3769545598,0.382628153,0.3744578313,0.3875301093,0.3608881298,0.3695560963,0.3451086957,0.364305949,0.3445352243,0.3572969641,0.3436555334,0.3464199869,0.3493975904,0.3211158623,0.3243433066,0.3789383439,0.3546734165,0.3369165488,0.3348328004,0.4335649829,0.3402054013,0.3262842012,0.317253545,0.3196844103,0.3000579449,0.3172297965,0.3034714091,0.3128373473,0.3022352977,0.3066622731,0.3036717438,0.2982736842,0.3039064649,0.2966651775,0.294641945,0.2880434783,0.2985791279
98,0.4888148501,0.5206232814,0.4735330324,0.5202567188,0.4906327324,0.4697019325,0.2956904687,0.3878235858,0.4916851441,0.5238095238,0.5374894693,0.7894197952,0.436640654,0.4284676834,0.4351103931,0.4309746792,0.4458438287,0.4295741694,0.4220662884,0.428612675,0.419429663,0.4342535654,0.4041375992,0.4140818493,0.3864858808,0.4082464884,0.3860309944,0.4006227854,0.3851358278,0.3883161512,0.3917566241,0.3599362281,0.3636892075,0.42538121,0.3981010512,0.3780809177,0.3758150563,0.4870869596,0.3818294702,0.3662721043,0.3561448663,0.3589339576,0.3369834441,0.3563504038,0.3408955478,0.35153005,0.3396341463,0.3447031945,0.3413907797,0.3354041916,0.3418036689,0.3336824832,0.3314928356,0.324099632
99,0.5654281099,0.5443609023,0.58111031,0.5262820513,0.580262336,0.5462001093,0.5219364599,0.3241678726,0.4296351452,0.5501730104,0.5869565217,0.6018099548,0.8874481328,0.4841666667,0.4750947482,0.482777036,0.4782608696,0.4951552795,0.4768806073,0.4685990338,0.4758576874,0.4655757334,0.4823439588,0.4487403779,0.4598665069,0.4291274732,0.4536082474,0.4287486432,0.4451134785,0.4278782532,0.4316505135,0.4355991591,0.4000534474,0.4042992972,0.4734636872,0.4429514097,0.4205689278,0.4181191942,0.5426610979,0.4249275362,0.407581034,0.3963848471,0.3996114801,0.3751056381,0.39682442,0.3796759941,0.3916149432,0.3783980719,0.3841782976,0.3805855162,0.3739607924,0.3811767064,0.3721440496,0.3697801183
100,0.4325897187,0.6390374332,0.6138613861,0.6564344746,0.5927083333,0.6552072801,0.6142355009,0.5870967742,0.3589546503,0.4795673077,0.6213183731,0.6629213483,0.6800411523,1.0089942764,0.5430663221,0.5324403516,0.5409633594,0.5357848952,0.5548362529,0.5337315531,0.5242393848,0.5327974277,0.5208459215,0.5396139441,0.5017109766,0.5142563576,0.479368932,0.5067187882,0.4786423459,0.4970183486,0.4777777778,0.4815052384,0.4860508369,0.4459512579,0.4506472492,0.5284369885,0.4938682551,0.4686952366,0.4659590599,0.6052745352,0.4733151946,0.4538350217,0.441260481,0.4447640449,0.4173146708,0.4414945055,0.4222856663,0.4355685131,0.4207511139,0.4270084401,0.4229700293,0.4155082537,0.4234704679,0.4133378016
101,0.7884231537,0.461038961,0.6869369369,0.6618257261,0.7086614173,0.6373056995,0.7078464107,0.6628242075,0.6315789474,0.38,0.5108481262,0.668202765,0.7148676171,0.735,1.0971128609,0.5839017735,0.5727513228,0.5823605707,0.5760397269,0.5968992248,0.5745614035,0.5637025481,0.5730673317,0.5600186829,0.5806308307,0.5392394822,0.5527559055,0.5148367953,0.5445065177,0.5142155142,0.5339130435,0.513014827,0.5170967742,0.5217661692,0.4784660767,0.4834898516,0.5674105778,0.5300104384,0.5027218935,0.5,0.6499786962,0.5077872012,0.4867394696,0.4732432432,0.4769170064,0.4472754793,0.473232582,0.452581472,0.4667149934,0.450829111,0.457510439,0.4530793376,0.4449302519,0.4535236938
102,0.7744360902,0.8542372881,0.4972527473,0.7414448669,0.7142857143,0.7656765677,0.6887608069,0.7666666667,0.7177033493,0.6847826087,0.4103092784,0.5487012987,0.7169811321,0.7707641196,0.7961956522,1.1940298507,0.6346578366,0.6232657417,0.633611691,0.6264940239,0.6498091603,0.6255468066,0.613410596,0.6234177215,0.6097560976,0.6318373072,0.5868873329,0.6019777503,0.5603948897,0.5924418605,0.5590163934,0.5804535637,0.5576530612,0.562531141,0.5673215141,0.5203989121,0.5257779842,0.6166432913,0.5762037405,0.5466330573,0.5433151432,0.7065462754,0.5521658128,0.5290598291,0.5142160845,0.5182409781,0.4860377358,0.5141437309,0.4915500636,0.5068198134,0.4894197952,0.4965793426,0.4917771036,0.4828378793
103,0.6589595376,0.8223684211,0.9058823529,0.5285714286,0.7894736842,0.754491018,0.813559322,0.7339901478,0.8151658768,0.7642276423,0.7242647059,0.4340277778,0.5846994536,0.7658227848,0.8166666667,0.8416289593,1.2650176678,0.6733576642,0.6602112676,0.6706689537,0.6639477977,0.6879875195,0.660968661,0.6491935484,0.6594110115,0.6443914081,0.6681715576,0.620020429,0.6360039565,0.5922150139,0.6262719704,0.5915004337,0.6136752137,0.5893719807,0.5945098039,0.5996990218,0.549325763,0.5547498187,0.6513828239,0.60815822,0.5766871166,0.5737618546,0.745526839,0.5826771654,0.5583224115,0.5425465839,0.5466305656,0.5124892334,0.5422106179,0.5181618052,0.5342911358,0.5158138339,0.5234512165,0.5181992337
104,0.7403846154,0.6979166667,0.8823529412,0.9684210526,0.5593220339,0.8372093023,0.8,0.8613861386,0.775862069,0.867768595,0.8156028369,0.7707006369,0.4610778443,0.6226415094,0.8152173913,0.8666666667,0.8923076923,1.3413173653,0.712962963,0.7002967359,0.711815562,0.7021857923,0.7291666667,0.7014218009,0.6897321429,0.6991525424,0.6830708661,0.7087198516,0.6566164154,0.6736672052,0.6283987915,0.6631578947,0.6264044944,0.6505524862,0.6238651102,0.6284634761,0.6337349398,0.5809739524,0.5877598152,0.689017341,0.6428571429,0.6100352113,0.6066390041,0.7884465262,0.615470852,0.5900716479,0.572810837,0.5771028037,0.5409252669,0.5719408337,0.5470737913,0.5639849937,0.5445583596,0.5521872602
105,0.4102564103,0.7857142857,0.75,0.9347826087,1.0192307692,0.6,0.8936170213,0.8490566038,0.9107142857,0.8153846154,0.9117647059,0.8734177215,0.8295454545,0.4893617021,0.6666666667,0.8653846154,0.9166666667,0.9466666667,1.4270833333,0.7593582888,0.7435897436,0.7524752475,0.7429906542,0.7733333333,0.7419354839,0.7310606061,0.7383512545,0.7218543046,0.7476635514,0.6946778711,0.7115902965,0.6633165829,0.7007481297,0.6612529002,0.6879271071,0.6588486141,0.6639175258,0.6712598425,0.6125461255,0.6198501873,0.7284644195,0.6793048973,0.6430594901,0.6391478029,0.8314606742,0.6493738819,0.6221498371,0.6039907905,0.608277901,0.5705263158,0.6029619182,0.5761809714,0.5942596217,0.5735384615
106,0.448,0.4426229508,0.8620689655,0.8148148148,1,1.0714285714,0.6285714286,0.96,0.8965517241,1,0.8857142857,0.972972973,0.9302325581,0.875,0.5192307692,0.696969697,0.9310344828,1,1,1.5,0.8018867925,0.7909090909,0.8,0.7868852459,0.8139534884,0.7832167832,0.7763157895,0.7888198758,0.7657142857,0.7914438503,0.7320574163,0.752293578,0.7008547009,0.7426160338,0.6980392157,0.724137931,0.6964285714,0.7,0.7081967213,0.6472392638,0.6501547988,0.7654320988,0.7168831169,0.6790697674,0.6753812636,0.8757637475,0.6831395349,0.6556728232,0.6364764268,0.6404761905,0.6009019166,0.6350282486,0.6068012752,0.6257796258
107,1,1,1,1,1,1,1,1,1,1,1,1,1,1,1,1,1,1,1,1,1,1,1,1,1,1,1,1,1,1,1,1,1,1,1,1,1,1,1,1,1,1,1,1,1,1,1,1,1,1,1,1,1,1
108,1,1,1,1,1,1,1,1,1,1,1,1,1,1,1,1,1,1,1,1,1,1,1,1,1,1,1,1,1,1,1,1,1,1,1,1,1,1,1,1,1,1,1,1,1,1,1,1,1,1,1,1,1,1
109,1,1,1,1,1,1,1,1,1,1,1,1,1,1,1,1,1,1,1,1,1,1,1,1,1,1,1,1,1,1,1,1,1,1,1,1,1,1,1,1,1,1,1,1,1,1,1,1,1,1,1,1,1,1
110,1,1,1,1,1,1,1,1,1,1,1,1,1,1,1,1,1,1,1,1,1,1,1,1,1,1,1,1,1,1,1,1,1,1,1,1,1,1,1,1,1,1,1,1,1,1,1,1,1,1,1,1,1,1
111,1,1,1,1,1,1,1,1,1,1,1,1,1,1,1,1,1,1,1,1,1,1,1,1,1,1,1,1,1,1,1,1,1,1,1,1,1,1,1,1,1,1,1,1,1,1,1,1,1,1,1,1,1,1
112,1,1,1,1,1,1,1,1,1,1,1,1,1,1,1,1,1,1,1,1,1,1,1,1,1,1,1,1,1,1,1,1,1,1,1,1,1,1,1,1,1,1,1,1,1,1,1,1,1,1,1,1,1,1
113,1,1,1,1,1,1,1,1,1,1,1,1,1,1,1,1,1,1,1,1,1,1,1,1,1,1,1,1,1,1,1,1,1,1,1,1,1,1,1,1,1,1,1,1,1,1,1,1,1,1,1,1,1,1
114,1,1,1,1,1,1,1,1,1,1,1,1,1,1,1,1,1,1,1,1,1,1,1,1,1,1,1,1,1,1,1,1,1,1,1,1,1,1,1,1,1,1,1,1,1,1,1,1,1,1,1,1,1,1
115,1,1,1,1,1,1,1,1,1,1,1,1,1,1,1,1,1,1,1,1,1,1,1,1,1,1,1,1,1,1,1,1,1,1,1,1,1,1,1,1,1,1,1,1,1,1,1,1,1,1,1,1,1,1
116,1,1,1,1,1,1,1,1,1,1,1,1,1,1,1,1,1,1,1,1,1,1,1,1,1,1,1,1,1,1,1,1,1,1,1,1,1,1,1,1,1,1,1,1,1,1,1,1,1,1,1,1,1,1
117,1,1,1,1,1,1,1,1,1,1,1,1,1,1,1,1,1,1,1,1,1,1,1,1,1,1,1,1,1,1,1,1,1,1,1,1,1,1,1,1,1,1,1,1,1,1,1,1,1,1,1,1,1,1
118,1,1,1,1,1,1,1,1,1,1,1,1,1,1,1,1,1,1,1,1,1,1,1,1,1,1,1,1,1,1,1,1,1,1,1,1,1,1,1,1,1,1,1,1,1,1,1,1,1,1,1,1,1,1
119,1,1,1,1,1,1,1,1,1,1,1,1,1,1,1,1,1,1,1,1,1,1,1,1,1,1,1,1,1,1,1,1,1,1,1,1,1,1,1,1,1,1,1,1,1,1,1,1,1,1,1,1,1,1
120,1,1,1,1,1,1,1,1,1,1,1,1,1,1,1,1,1,1,1,1,1,1,1,1,1,1,1,1,1,1,1,1,1,1,1,1,1,1,1,1,1,1,1,1,1,1,1,1,1,1,1,1,1,1
